<?xml version="1.0" encoding="UTF-8" standalone="yes"?>
<addon id="plugin.video.DfuseBuild" name="D-FUSE Build Wizard" version="1.0.0" provider-name="DfuseBuild">
  <requires>
    <import addon="xbmc.python" version="2.1.0"/>
  </requires>
  <extension point="xbmc.python.pluginsource" library="default.py">
        <provides>video executable</provides>
  </extension>
  <extension point="xbmc.addon.metadata">
    <summary lang="en">D-FUSE Build Wizard</summary>
    <description lang="en">A simple light weight build for videos</description>
	<website>https://dfusebuild.000webhostapp.com/</website>
    <platform>all</platform>
  </extension>
</addon>
